전철역코드,전철역명,호선,외부코드
1916,소요산,1,100
1915,동두천,1,101
1914,보산,1,102
1913,동두천중앙,1,103
1912,지행,1,104
1911,덕정,1,105
1910,덕계,1,106
1909,양주,1,107
1908,녹양,1,108
1907,가능,1,109
1906,의정부,1,110
1905,회룡,1,111
1904,망월사,1,112
1903,도봉산,1,113
1902,도봉,1,114
1901,방학,1,115
1022,창동,1,116
1021,녹천,1,117
1020,월계,1,118
1019,광운대,1,119
1018,석계,1,120
1017,신이문,1,121
1016,외대앞,1,122
1015,회기,1,123
158,청량리,1,124
157,제기동,1,125
156,신설동,1,126
159,동묘앞,1,127
155,동대문,1,128
154,종로5가,1,129
153,종로3가,1,130
152,종각,1,131
151,시청,1,132
150,서울역,1,133
1002,남영,1,134
1003,용산,1,135
1004,노량진,1,136
1005,대방,1,137
1032,신길,1,138
1006,영등포,1,139
1007,신도림,1,140
1701,구로,1,141
1813,구일,1,142
1801,개봉,1,143
1802,오류동,1,144
1821,온수,1,145
1803,역곡,1,146
1814,소사,1,147
1804,부천,1,148
1822,중동,1,149
1805,송내,1,150
1815,부개,1,151
1806,부평,1,152
1807,백운,1,153
1808,동암,1,154
1816,간석,1,155
1809,주안,1,156
1823,도화,1,157
1810,제물포,1,158
1817,도원,1,159
1811,동인천,1,160
1812,인천,1,161
201,시청,2,201
202,을지로입구,2,202
203,을지로3가,2,203
204,을지로4가,2,204
205,동대문역사문화공원,2,205
206,신당,2,206
207,상왕십리,2,207
208,왕십리,2,208
209,한양대,2,209
210,뚝섬,2,210
211,성수,2,211
212,건대입구,2,212
213,구의,2,213
214,강변,2,214
215,잠실나루,2,215
216,잠실,2,216
217,잠실새내,2,217
218,종합운동장,2,218
219,삼성,2,219
220,선릉,2,220
221,역삼,2,221
222,강남,2,222
223,교대,2,223
224,서초,2,224
225,방배,2,225
226,사당,2,226
227,낙성대,2,227
228,서울대입구,2,228
229,봉천,2,229
230,신림,2,230
231,신대방,2,231
232,구로디지털단지,2,232
233,대림,2,233
234,신도림,2,234
235,문래,2,235
236,영등포구청,2,236
237,당산,2,237
238,합정,2,238
239,홍대입구,2,239
240,신촌,2,240
241,이대,2,241
242,아현,2,242
243,충정로,2,243
1958,대화,3,309
1957,주엽,3,310
1956,정발산,3,311
1955,마두,3,312
1954,백석,3,313
1953,대곡,3,314
1952,화정,3,315
1951,원당,3,316
1948,원흥,3,317
1950,삼송,3,318
309,지축,3,319
310,구파발,3,320
311,연신내,3,321
312,불광,3,322
313,녹번,3,323
314,홍제,3,324
315,무악재,3,325
316,독립문,3,326
317,경복궁,3,327
318,안국,3,328
319,종로3가,3,329
320,을지로3가,3,330
321,충무로,3,331
322,동대입구,3,332
323,약수,3,333
324,금호,3,334
325,옥수,3,335
326,압구정,3,336
327,신사,3,337
328,잠원,3,338
329,고속터미널,3,339
330,교대,3,340
331,남부터미널,3,341
332,양재,3,342
333,매봉,3,343
334,도곡,3,344
335,대치,3,345
336,학여울,3,346
337,대청,3,347
338,일원,3,348
339,수서,3,349
340,가락시장,3,350
341,경찰병원,3,351
342,오금,3,352
405,진접,4,405
406,오남,4,406
408,별내별가람,4,408
409,불암산,4,409
410,상계,4,410
411,노원,4,411
412,창동,4,412
413,쌍문,4,413
414,수유,4,414
415,미아,4,415
416,미아사거리,4,416
417,길음,4,417
418,성신여대입구,4,418
419,한성대입구,4,419
420,혜화,4,420
421,동대문,4,421
422,동대문역사문화공원,4,422
423,충무로,4,423
424,명동,4,424
425,회현,4,425
426,서울역,4,426
427,숙대입구,4,427
428,삼각지,4,428
429,신용산,4,429
430,이촌,4,430
431,동작,4,431
432,총신대입구,4,432
433,사당,4,433
434,남태령,4,434
1450,선바위,4,435
1451,경마공원,4,436
1452,대공원,4,437
1453,과천,4,438
1454,정부과천청사,4,439
1455,인덕원,4,440
1456,평촌,4,441
1457,범계,4,442
1458,금정,4,443
1751,산본,4,444
1763,수리산,4,445
1752,대야미,4,446
1753,반월,4,447
1754,상록수,4,448
1755,한대앞,4,449
1756,중앙,4,450
1757,고잔,4,451
1758,초지,4,452
1759,안산,4,453
1760,신길온천,4,454
1761,정왕,4,455
1762,오이도,4,456
2511,방화,5,510
2512,개화산,5,511
2513,김포공항,5,512
2514,송정,5,513
2515,마곡,5,514
2516,발산,5,515
2517,우장산,5,516
2518,화곡,5,517
2519,까치산,5,518
2520,신정,5,519
2521,목동,5,520
2522,오목교,5,521
2523,양평,5,522
2524,영등포구청,5,523
2525,영등포시장,5,524
2526,신길,5,525
2527,여의도,5,526
2528,여의나루,5,527
2529,마포,5,528
2530,공덕,5,529
2531,애오개,5,530
2532,충정로,5,531
2533,서대문,5,532
2534,광화문,5,533
2535,종로3가,5,534
2536,을지로4가,5,535
2537,동대문역사문화공원,5,536
2538,청구,5,537
2539,신금호,5,538
2540,행당,5,539
2541,왕십리,5,540
2542,마장,5,541
2543,답십리,5,542
2544,장한평,5,543
2545,군자,5,544
2546,아차산,5,545
2547,광나루,5,546
2548,천호,5,547
2549,강동,5,548
2550,길동,5,549
2551,굽은다리,5,550
2552,명일,5,551
2553,고덕,5,552
2554,상일동,5,553
2562,강일,5,554
2563,미사,5,555
2564,하남풍산,5,556
2565,하남시청,5,557
2566,하남검단산,5,558
2611,응암,6,610
2612,역촌,6,611
2613,불광,6,612
2614,독바위,6,613
2615,연신내,6,614
2616,구산,6,615
2617,새절,6,616
2618,증산,6,617
2619,디지털미디어시티,6,618
2620,월드컵경기장,6,619
2621,마포구청,6,620
2622,망원,6,621
2623,합정,6,622
2624,상수,6,623
2625,광흥창,6,624
2626,대흥,6,625
2627,공덕,6,626
2628,효창공원앞,6,627
2629,삼각지,6,628
2630,녹사평,6,629
2631,이태원,6,630
2632,한강진,6,631
2633,버티고개,6,632
2634,약수,6,633
2635,청구,6,634
2636,신당,6,635
2637,동묘앞,6,636
2638,창신,6,637
2639,보문,6,638
2640,안암,6,639
2641,고려대,6,640
2642,월곡,6,641
2643,상월곡,6,642
2644,돌곶이,6,643
2645,석계,6,644
2646,태릉입구,6,645
2647,화랑대,6,646
2648,봉화산,6,647
2649,신내,6,648
4920,양촌,G1,G100
4921,구래,G1,G101
4922,마산,G1,G102
4923,장기,G1,G103
4924,운양,G1,G104
4925,걸포북변,G1,G105
4926,사우,G1,G106
4927,풍무,G1,G107
4928,고촌,G1,G108
4929,김포공항,G1,G109
2711,장암,7,709
2712,도봉산,7,710
2713,수락산,7,711
2714,마들,7,712
2715,노원,7,713
2716,중계,7,714
2717,하계,7,715
2718,공릉,7,716
2719,태릉입구,7,717
2720,먹골,7,718
2721,중화,7,719
2722,상봉,7,720
2723,면목,7,721
2724,사가정,7,722
2725,용마산,7,723
2726,중곡,7,724
2727,군자,7,725
2728,어린이대공원,7,726
2729,건대입구,7,727
2730,자양,7,728
2731,청담,7,729
2732,강남구청,7,730
2733,학동,7,731
2734,논현,7,732
2735,반포,7,733
2736,고속터미널,7,734
2737,내방,7,735
2738,이수,7,736
2739,남성,7,737
2740,숭실대입구,7,738
2741,상도,7,739
2742,장승배기,7,740
2743,신대방삼거리,7,741
2744,보라매,7,742
2745,신풍,7,743
2746,대림,7,744
2747,남구로,7,745
2748,가산디지털단지,7,746
2749,철산,7,747
2750,광명사거리,7,748
2751,천왕,7,749
2752,온수,7,750
3753,까치울,7,751
3754,부천종합운동장,7,752
3755,춘의,7,753
3756,신중동,7,754
3757,부천시청,7,755
3758,상동,7,756
3759,삼산체육관,7,757
3760,굴포천,7,758
3761,부평구청,7,759
3762,산곡,7,760
3763,석남,7,761
2805,별내,8,804
2806,다산,8,805
2807,동구릉,8,806
2808,구리,8,807
2809,장자호수공원,8,808
2810,암사역사공원,8,809
2811,암사,8,810
2812,천호,8,811
2813,강동구청,8,812
2814,몽촌토성,8,813
2815,잠실,8,814
2816,석촌,8,815
2817,송파,8,816
2818,가락시장,8,817
2819,문정,8,818
2820,장지,8,819
2821,복정,8,820
2828,남위례,8,821
2822,산성,8,822
2823,남한산성입구,8,823
2824,단대오거리,8,824
2825,신흥,8,825
2826,수진,8,826
2827,모란,8,827
4101,개화,9,901
4102,김포공항,9,902
4103,공항시장,9,903
4104,신방화,9,904
4105,마곡나루,9,905
4106,양천향교,9,906
4107,가양,9,907
4108,증미,9,908
4109,등촌,9,909
4110,염창,9,910
4111,신목동,9,911
4112,선유도,9,912
4113,당산,9,913
4114,국회의사당,9,914
4115,여의도,9,915
4116,샛강,9,916
4117,노량진,9,917
4118,노들,9,918
4119,흑석,9,919
4120,동작,9,920
4121,구반포,9,921
4122,신반포,9,922
4123,고속터미널,9,923
4124,사평,9,924
4125,신논현,9,925
4126,언주,9,926
4127,선정릉,9,927
4128,삼성중앙,9,928
4129,봉은사,9,929
4130,종합운동장,9,930
4131,삼전,9,931
4132,석촌고분,9,932
4133,석촌,9,933
4134,송파나루,9,934
4135,한성백제,9,935
4136,올림픽공원,9,936
4137,둔촌오륜,9,937
4138,중앙보훈병원,9,938
4701,북한산우이,UI,S110
4702,솔밭공원,UI,S111
4703,4?19민주묘지,UI,S112
4704,가오리,UI,S113
4705,화계,UI,S114
4706,삼양,UI,S115
4707,삼양사거리,UI,S116
4708,솔샘,UI,S117
4709,북한산보국문,UI,S118
4710,정릉,UI,S119
4711,성신여대입구,UI,S120
4712,보문,UI,S121
4713,신설동,UI,S122
1917,청산,1,100-1
1918,전곡,1,100-2
1919,연천,1,100-3
244,용답,2,211-1
245,신답,2,211-2
250,용두,2,211-3
246,신설동,2,211-4
247,도림천,2,234-1
248,양천구청,2,234-2
249,신정네거리,2,234-3
200,까치산,2,234-4
4201,서울역,A1,A01
4202,공덕,A1,A02
4203,홍대입구,A1,A03
4204,디지털미디어시티,A1,A04
4206,마곡나루,A1,A042
4207,김포공항,A1,A05
4208,계양,A1,A06
4209,검암,A1,A07
4210,청라국제도시,A1,A071
4217,영종,A1,A072
4211,운서,A1,A08
4212,공항화물청사,A1,A09
4213,인천공항1터미널,A1,A10
4215,인천공항2터미널,A1,A11
4310,청계산입구,D1,D10
4311,판교,D1,D11
4312,정자,D1,D12
4313,미금,D1,D13
4314,동천,D1,D14
4315,수지구청,D1,D15
4316,성복,D1,D16
4317,상현,D1,D17
4318,광교중앙,D1,D18
4319,광교,D1,D19
4304,신사,D1,D04
4305,논현,D1,D05
4306,신논현,D1,D06
4307,강남,D1,D07
4308,양재,D1,D08
4309,양재시민의숲,D1,D09
3110,계양,I1,I110
3111,귤현,I1,I111
3112,박촌,I1,I112
3113,임학,I1,I113
3114,계산,I1,I114
3115,경인교대입구,I1,I115
3116,작전,I1,I116
3117,갈산,I1,I117
3118,부평구청,I1,I118
3119,부평시장,I1,I119
3120,부평,I1,I120
3121,동수,I1,I121
3122,부평삼거리,I1,I122
3123,간석오거리,I1,I123
3124,인천시청,I1,I124
3125,예술회관,I1,I125
3126,인천터미널,I1,I126
3127,문학경기장,I1,I127
3128,선학,I1,I128
3129,신연수,I1,I129
3130,원인재,I1,I130
3131,동춘,I1,I131
3132,동막,I1,I132
3133,캠퍼스타운,I1,I133
3134,테크노파크,I1,I134
3135,지식정보단지,I1,I135
3136,인천대입구,I1,I136
3137,센트럴파크,I1,I137
3138,국제업무지구,I1,I138
3139,송도달빛축제공원,I1,I139
3201,검단오류,I2,I201
3202,왕길,I2,I202
3203,검단사거리,I2,I203
3204,마전,I2,I204
3205,완정,I2,I205
3206,독정,I2,I206
3207,검암,I2,I207
3208,검바위,I2,I208
3209,아시아드경기장,I2,I209
3210,서구청,I2,I210
3211,가정,I2,I211
3212,가정중앙시장,I2,I212
3213,석남,I2,I213
3214,서부여성회관,I2,I214
3215,인천가좌,I2,I215
3216,가재울,I2,I216
3217,주안국가산단,I2,I217
3218,주안,I2,I218
3219,시민공원,I2,I219
3220,석바위시장,I2,I220
3221,인천시청,I2,I221
3222,석천사거리,I2,I222
3223,모래내시장,I2,I223
3224,만수,I2,I224
3225,남동구청,I2,I225
3226,인천대공원,I2,I226
3227,운연,I2,I227
100C,용산,K4,K110
1008,이촌,K4,K111
1009,서빙고,K4,K112
1010,한남,K4,K113
1011,옥수,K4,K114
1012,응봉,K4,K115
1013,왕십리,K4,K116
1014,청량리,K4,K117
101C,회기,K4,K118
1201,중랑,K4,K119
1202,상봉,K4,K120
1203,망우,K4,K121
1204,양원,K4,K122
1205,구리,K4,K123
1206,도농,K4,K124
1207,양정,K4,K125
1208,덕소,K4,K126
1209,도심,K4,K127
1210,팔당,K4,K128
1211,운길산,K4,K129
1212,양수,K4,K130
1213,신원,K4,K131
1214,국수,K4,K132
1215,아신,K4,K133
1216,오빈,K4,K134
1217,양평,K4,K135
1218,원덕,K4,K136
1219,용문,K4,K137
1220,지평,K4,K138
1845,청량리,K1,K209
102C,왕십리,K1,K210
1847,서울숲,K1,K211
1848,압구정로데오,K1,K212
1849,강남구청,K1,K213
1850,선정릉,K1,K214
1023,선릉,K1,K215
1024,한티,K1,K216
1025,도곡,K1,K217
1026,구룡,K1,K218
1027,개포동,K1,K219
1028,대모산입구,K1,K220
1030,수서,K1,K221
1031,복정,K1,K222
1851,가천대,K1,K223
1852,태평,K1,K224
1853,모란,K1,K225
1854,야탑,K1,K226
1860,이매,K1,K227
1855,서현,K1,K228
1856,수내,K1,K229
1857,정자,K1,K230
1858,미금,K1,K231
1859,오리,K1,K232
1862,죽전,K1,K233
1861,보정,K1,K234
1863,구성,K1,K235
1864,신갈,K1,K236
1865,기흥,K1,K237
1866,상갈,K1,K238
1867,청명,K1,K239
1868,영통,K1,K240
1869,망포,K1,K241
1870,매탄권선,K1,K242
1871,수원시청,K1,K243
1872,매교,K1,K244
1846,수원,K1,K245
1873,고색,K1,K246
1874,오목천,K1,K247
1875,어천,K1,K248
1876,야목,K1,K249
1877,사리,K1,K250
1830,한대앞,K1,K251
1831,중앙,K1,K252
1832,고잔,K1,K253
1833,초지,K1,K254
1834,안산,K1,K255
1835,신길온천,K1,K256
1836,정왕,K1,K257
1800,오이도,K1,K258
1878,달월,K1,K259
1879,월곶,K1,K260
1880,소래포구,K1,K261
1881,인천논현,K1,K262
1882,호구포,K1,K263
1883,남동인더스파크,K1,K264
1884,원인재,K1,K265
1885,연수,K1,K266
1886,송도,K1,K267
1888,인하대,K1,K269
1889,숭의,K1,K270
1890,신포,K1,K271
1891,인천,K1,K272
1262,공덕,K4,K312
1263,서강대,K4,K313
1264,홍대입구,K4,K314
1265,가좌,K4,K315
1266,디지털미디어시티,K4,K316
1267,수색,K4,K317
1268,한국항공대,K4,K318
1269,강매,K4,K319
1270,행신,K4,K320
1271,능곡,K4,K321
300,대곡,K4,K322
1272,곡산,K4,K323
1273,백마,K4,K324
1274,풍산,K4,K325
1275,일산,K4,K326
1276,탄현,K4,K327
1277,야당,K4,K328
1278,운정,K4,K329
1279,금릉,K4,K330
1280,금촌,K4,K331
1282,월롱,K4,K333
1283,파주,K4,K334
1284,문산,K4,K335
1286,운천,K4,K336
1285,임진강,K4,K337
1501,판교,K5,K409
1512,성남,K5,K410
1502,이매,K5,K411
1503,삼동,K5,K412
1504,경기광주,K5,K413
1505,초월,K5,K414
1506,곤지암,K5,K415
1507,신둔도예촌,K5,K416
1508,이천,K5,K417
1509,부발,K5,K418
1510,세종대왕릉,K5,K419
1511,여주,K5,K420
1261,효창공원앞,K4,K311
1305,광운대,K2,119
1306,청량리,K2,K117
1307,회기,K2,K118
1308,중랑,K2,K119
1309,상봉,K2,K120
1310,망우,K2,K121
1311,신내,K2,P122
1312,갈매,K2,P123
1313,별내,K2,P124
1314,퇴계원,K2,P125
1315,사릉,K2,P126
1316,금곡,K2,P127
1317,평내호평,K2,P128
1318,천마산,K2,P129
1319,마석,K2,P130
1320,대성리,K2,P131
1321,청평,K2,P132
1322,상천,K2,P133
1323,가평,K2,P134
1324,굴봉산,K2,P135
1325,백양리,K2,P136
1326,강촌,K2,P137
1327,김유정,K2,P138
1328,남춘천,K2,P139
1329,춘천,K2,P140
1702,가산디지털단지,1,P142
1714,독산,1,P143
1703,금천구청,1,P144
1750,광명,1,P144-1
1704,석수,1,P145
1705,관악,1,P146
1706,안양,1,P147
1707,명학,1,P148
1708,금정,1,P149
1709,군포,1,P150
1729,당정,1,P151
1710,의왕,1,P152
1711,성균관대,1,P153
1712,화서,1,P154
1713,수원,1,P155
1715,세류,1,P156
1716,병점,1,P157
1749,서동탄,1,P157-1
1717,세마,1,P158
1718,오산대,1,P159
1719,오산,1,P160
1720,진위,1,P161
1721,송탄,1,P162
1722,서정리,1,P163
1723,평택지제,1,P164
1724,평택,1,P165
1725,성환,1,P166
1726,직산,1,P167
1727,두정,1,P168
1728,천안,1,P169
1401,봉명,1,P170
1402,쌍용,1,P171
1403,아산,1,P172
1404,탕정,1,P173
1405,배방,1,P174
1407,온양온천,1,P176
1408,신창,1,P177
1252,신촌,K4,P314
1251,서울역,K4,P313
2555,둔촌동,5,P549
2556,올림픽공원,5,P550
2557,방이,5,P551
2558,오금,5,P552
2559,개롱,5,P553
2560,거여,5,P554
2561,마천,5,P555
108C,일산,WS,S07
107C,풍산,WS,S08
106C,백마,WS,S09
105C,곡산,WS,S10
103C,대곡,WS,S11
104C,능곡,WS,S12
1980,김포공항,WS,S13
1981,원종,WS,S14
1982,부천종합운동장,WS,S15
4804,소사,WS,S16
4805,소새울,WS,S17
4806,시흥대야,WS,S18
4807,신천,WS,S19
4808,신현,WS,S20
4809,시흥시청,WS,S22
4810,시흥능곡,WS,S23
4811,달미,WS,S24
4812,선부,WS,S25
4813,초지,WS,S26
4814,시우,WS,S27
4815,원시,WS,S28
4401,샛강,L1,S401
4402,대방,L1,S402
4403,서울지방병무청,L1,S403
4404,보라매,L1,S404
4405,보라매공원,L1,S405
4406,보라매병원,L1,S406
4407,당곡,L1,S407
4408,신림,L1,S408
4409,서원,L1,S409
4410,서울대벤처타운,L1,S410
4411,관악산,L1,S411
4601,발곡,U1,U110
4602,회룡,U1,U111
4603,범골,U1,U112
4604,경전철의정부,U1,U113
4605,의정부시청,U1,U114
4606,흥선,U1,U115
4607,의정부중앙,U1,U117
4608,동오,U1,U118
4609,새말,U1,U119
4610,경기도청북부청사,U1,U120
4611,효자,U1,U121
4612,곤제,U1,U122
4613,어룡,U1,U123
4614,송산,U1,U124
4615,탑석,U1,U125
9000,운정중앙,A,X101
9001,킨텍스,A,X102
9002,대곡,A,X103
9004,연신내,A,X105
9005,서울,A,X106
8,수서,A,X108
9,성남,A,X109
10,구성,A,X110
11,동탄,A,X111
4501,기흥,E1,Y110
4502,강남대,E1,Y111
4503,지석,E1,Y112
4504,어정,E1,Y113
4505,동백,E1,Y114
4506,초당,E1,Y115
4508,삼가,E1,Y116
4509,시청.용인대,E1,Y117
4510,명지대,E1,Y118
4511,김량장,E1,Y119
4512,용인중앙시장,E1,Y120
4513,고진,E1,Y121
4514,보평,E1,Y122
4515,둔전,E1,Y123
4517,전대.에버랜드,E1,Y124